{
  "column": "item_decoration_learning",
  "data": [
    {
      "title": "Item 0",
      "style": "simple_large_divider",
      "scheme": ""
    },
    {
      "title": "Item 1",
      "scheme": ""
    },
    {
      "title": "Item 2",
      "scheme": ""
    },
    {
      "title": "Item 3",
      "scheme": ""
    },
    {
      "title": "Item 4",
      "style": "simple_large_divider",
      "scheme": ""
    },
    {
      "title": "Item 5",
      "scheme": ""
    },
    {
      "title": "Item 6",
      "scheme": ""
    },
    {
      "title": "Item 7",
      "scheme": ""
    },
    {
      "title": "Item 8",
      "scheme": ""
    },
    {
      "title": "Item 9",
      "scheme": ""
    }
  ]
}