{
  "column": "working",
  "data": [
    {
      "title": "Expandable Index",
      "scheme": "xiaoshao://andes/expandable_index"
    },
    {
      "title": "MotionLayout Learning",
      "scheme": "xiaoshao://andes/motionlayout"
    },
    {
      "title": "TouchDelegate Learning",
      "scheme": "xiaoshao://andes/touch_delegate"
    },
    {
      "title": "ItemDecoration Learning",
      "scheme": "xiaoshao://andes/item_decoration"
    },
    {
      "title": "EllipsisTextView Learning",
      "scheme": "xiaoshao://andes/ellipsis_tv"
    }
  ]
}